{
  "eye": {
    "orientation": [
      0.9995065927505493,
      0,
      0,
      0.031410910189151764
    ],
    "magnitude": 1,
    "position": [
      0,
      -55.5281867980957,
      -885.0724487304688
    ]
  },
  "radius": 512,
  "type": "ORTHOGRAPHIC"
}